[
    {
        "men":[
           {
              "t_shirts" :[
                {"imge":"../../assets/images/T-shirts.jpg"},
                {"t_shirt":"T-Shirts"},
                {"price":"RS. 500"} 
               ]
           }
        ],
        "women":[
            {
               "t_shirts" :[
                 {"imge":"../../assets/images/T-shirts.jpg"},
                 {"t_shirt":"T-Shirts"},
                 {"price":"RS. 500"} 
                ]
            }
         ]
        
    },
    {
        "men":[
            {
                "t_shirts" :[
                  {"imge":"../../assets/images/tshirts2.jpeg"},
                  {"t_shirt":"T-Shirts"},
                  {"price":"RS. 600"} 
                 ]
             }
       
        ]
    },
    {
        "men":[
            {
                "t_shirts" :[
                  {"imge":"../../assets/images/tshirts3.jpeg"},
                  {"t_shirt":"T-Shirts"},
                  {"price":"RS. 800"} 
                 ]
             }
        ]
    },
    {
        "men":[
            {
                "t_shirts" :[
                  {"imge":"../../assets/images/tshirts4.jpeg"},
                  {"t_shirt":"T-Shirts"},
                  {"price":"RS. 200"} 
                 ]
             }
        ]
    },
    {
        "men":[
            {
                "t_shirts" :[
                  {"imge":"../../assets/images/tshirts5.jpeg"},
                  {"t_shirt":"T-Shirts"},
                  {"price":"RS. 400"} 
                 ]
             }
        ]
    },
    {
        "men":[
            {
                "t_shirts" :[
                  {"imge":"../../assets/images/tshirts6.jpeg"},
                  {"t_shirt":"T-Shirts"},
                  {"price":"RS. 500"} 
                 ]
             }
        ]
    },
    {
        "men":[
            {
                "t_shirts" :[
                  {"imge":"../../assets/images/tshirts7.jpeg"},
                  {"t_shirt":"T-Shirts"},
                  {"price":"RS. 900"} 
                 ]
             }
        ]
    },
    {
        "men":[
            {
                "t_shirts" :[
                  {"imge":"../../assets/images/tshirts8.jpeg"},
                  {"t_shirt":"T-Shirts"},
                  {"price":"RS. 600"} 
                 ]
             }
        ]
    },
    {
        "men":[
            {
                "t_shirts" :[
                  {"imge":"../../assets/images/tshirts9.jpeg"},
                  {"t_shirt":"T-Shirts"},
                  {"price":"RS. 700"} 
                 ]
             }
        ]
    }
]