[
    {
        "type":"cotton",
        "price":"Rs. 500",
        "images":"../../assets/images/mens/tshirts2.jpeg"
    },
    {
        "type":"cotton",
        "price":"Rs. 500",
        "images":"../../assets/images/mens/tshirts3.jpeg"
    },
    {
        "type":"cotton",
        "price":"Rs. 500",
        "images":"../../assets/images/mens/tshirts4.jpeg"
    },
    {
        "type":"cotton",
        "price":"Rs. 500",
        "images":"../../assets/images/mens/tshirts5.jpeg"
    },
    {
        "type":"cotton",
        "price":"Rs. 500",
        "images":"../../assets/images/mens/tshirts6.jpeg"
    },
    {
        "type":"cotton",
        "price":"Rs. 500",
        "images":"../../assets/images/mens/tshirts7.jpeg"
    },
    {
        "type":"cotton",
        "price":"Rs. 500",
        "images":"../../assets/images/mens/tshirts8.jpeg"
    },
    {
        "type":"cotton",
        "price":"Rs. 500",
        "images":"../../assets/images/mens/tshirts9.jpeg"
    },
    {
        "type":"cotton",
        "price":"Rs. 500",
        "images":"../../assets/images/mens/tshirts10.jpeg"
    }


]