[
    {
        "type":"cotton",
        "price":"Rs. 500",
        "images":"../../assets/images/womens/tshirts2.jpeg"
    },
    {
        "type":"cotton",
        "price":"Rs. 500",
        "images":"../../assets/images/womens/tshirts2.jpeg"
    },
    {
        "type":"cotton",
        "price":"Rs. 500",
        "images":"../../assets/images/womens/tshirts2.jpeg"
    },
    {
        "type":"cotton",
        "price":"Rs. 500",
        "images":"../../assets/images/womens/tshirts2.jpeg"
    },
    {
        "type":"cotton",
        "price":"Rs. 500",
        "images":"../../assets/images/womens/tshirts2.jpeg"
    },
    {
        "type":"cotton",
        "price":"Rs. 500",
        "images":"../../assets/images/womens/tshirts2.jpeg"
    },
    {
        "type":"cotton",
        "price":"Rs. 500",
        "images":"../../assets/images/womens/tshirts2.jpeg"
    },
    {
        "type":"cotton",
        "price":"Rs. 500",
        "images":"../../assets/images/mens/tshirts2.jpeg"
    },
    {
        "type":"cotton",
        "price":"Rs. 500",
        "images":"../../assets/images/mens/tshirts2.jpeg"
    }


]