[
    {
        "type":"cotton",
        "price":"Rs. 500",
        "images":"../../assets/images/womens/jeans1.jpeg"
    },
    {
        "type":"cotton",
        "price":"Rs. 500",
        "images":"../../assets/images/womens/jeans2.jpeg"
    },
    {
        "type":"cotton",
        "price":"Rs. 500",
        "images":"../../assets/images/womens/jeans3.jpeg"
    },
    {
        "type":"cotton",
        "price":"Rs. 500",
        "images":"../../assets/images/womens/jeans4.jpeg"
    },
    {
        "type":"cotton",
        "price":"Rs. 500",
        "images":"../../assets/images/womens/jeans5.jpeg"
    },
    {
        "type":"cotton",
        "price":"Rs. 500",
        "images":"../../assets/images/womens/jeans6.jpeg"
    },
    {
        "type":"cotton",
        "price":"Rs. 500",
        "images":"../../assets/images/womens/jeans1.jpeg"
    },
    {
        "type":"cotton",
        "price":"Rs. 500",
        "images":"../../assets/images/womens/jeans2.jpeg"
    },
    {
        "type":"cotton",
        "price":"Rs. 500",
        "images":"../../assets/images/womens/jeans3.jpeg"
    }


]