[
    {
        "buy":"BUY",
        "Add_chart":"Add chart",
        "pricename":"PRiCE",
        "booktype":"BOOK-TYPE",
        "type":"MATHS-A",
        "price":"Rs. 500",
        "images":"../../assets/images/telugubooks/level1.jpg"
    },
    {
        "buy":"BUY",
        "Add_chart":"Add chart",
        "pricename":"PRiCE",
        "booktype":"BOOK-TYPE",
        "type":"MATHS-B",
        "price":"Rs. 600",
        "images":"../../assets/images/telugubooks/level2.jpg"
    },
    {
        "buy":"BUY",
        "Add_chart":"Add chart",
        "buy":"BUY",
        "Add_chart":"Add chart",
        "pricename":"PRiCE",
        "booktype":"BOOK-TYPE",
        "type":"MATH-C",
        "price":"Rs. 400",
        "images":"../../assets/images/telugubooks/level3.jpg"
    },
    {
        "buy":"BUY",
        "Add_chart":"Add chart",
        "pricename":"PRiCE",
        "booktype":"BOOK-TYPE",
        "type":"MATH-D",
        "price":"Rs. 200",
        "images":"../../assets/images/telugubooks/level4.jpg"
    },
    {
        "buy":"BUY",
        "Add_chart":"Add chart",
        "pricename":"PRiCE",
        "booktype":"BOOK-TYPE",
        "type":"MATH-A",
        "price":"Rs. 300",
        "images":"../../assets/images/telugubooks/level5.jpg"
    },  
    {
        "buy":"BUY",
        "Add_chart":"Add chart",
        "pricename":"PRiCE",
        "booktype":"BOOK-TYPE",
        "type":"MATHS-D",
        "price":"Rs. 500",
        "images":"../../assets/images/telugubooks/level1.jpg"
    },
    {
        "buy":"BUY",
        "Add_chart":"Add chart",
        "pricename":"PRiCE",
        "booktype":"BOOK-TYPE",
        "type":"MATHS-C",
        "price":"Rs. 600",
        "images":"../../assets/images/telugubooks/level2.jpg"
    },
    {
        "buy":"BUY",
        "Add_chart":"Add chart",
        "pricename":"PRiCE",
        "booktype":"BOOK-TYPE",
        "type":"MATHS-B",
        "price":"Rs. 600",
        "images":"../../assets/images/telugubooks/level2.jpg"
    },
    {
        "buy":"BUY",
        "Add_chart":"Add chart",
        "pricename":"PRiCE",
        "booktype":"BOOK-TYPE",
        "type":"MATH-E",
        "price":"Rs. 200",
        "images":"../../assets/images/telugubooks/level4.jpg"
    }
]