[
    {
        "buy":"BUY",
        "Add_chart":"Add chart",
        "pricename":"PRiCE",
        "booktype":"BOOK-TYPE",
        "type":"SCIENCE-A",
        "price":"Rs. 500",
        "images":"../../assets/images/telugubooks/science/level2.jpg"
    },
    {
        "buy":"BUY",
        "Add_chart":"Add chart",
        "pricename":"PRiCE",
        "booktype":"BOOK-TYPE",
        "type":"SCIENCE-B",
        "price":"Rs. 600",
        "images":"../../assets/images/telugubooks/science/level2.jpg"
    },
    {
        "buy":"BUY",
        "Add_chart":"Add chart",
        "pricename":"PRiCE",
        "booktype":"BOOK-TYPE",
        "type":"SCIENCE-C",
        "price":"Rs. 400",
        "images":"../../assets/images/telugubooks/science/level3.jpg"
    },
    {
        "buy":"BUY",
        "Add_chart":"Add chart",
        "pricename":"PRiCE",
        "booktype":"BOOK-TYPE",
        "type":"SCIENCE-D",
        "price":"Rs. 200",
        "images":"../../assets/images/telugubooks/science/level1.jpg"
    },
    {
        "buy":"BUY",
        "Add_chart":"Add chart",
        "pricename":"PRiCE",
        "booktype":"BOOK-TYPE",
        "type":"SCIENCE-A",
        "price":"Rs. 300",
        "images":"../../assets/images/telugubooks/science/level3.jpg"
    },  
    {
        "buy":"BUY",
        "Add_chart":"Add chart",
        "pricename":"PRiCE",
        "booktype":"BOOK-TYPE",
        "type":"SCIENCE-D",
        "price":"Rs. 500",
        "images":"../../assets/images/telugubooks/science/level2.jpg"
    },
    {
        "buy":"BUY",
        "Add_chart":"Add chart",
        "pricename":"PRiCE",
        "booktype":"BOOK-TYPE",
        "type":"SCIENCE-C",
        "price":"Rs. 600",
        "images":"../../assets/images/telugubooks/science/level1.jpg"
    },
    {
        "buy":"BUY",
        "Add_chart":"Add chart",
        "pricename":"PRiCE",
        "booktype":"BOOK-TYPE",
        "type":"SCIENCE-B",
        "price":"Rs. 600",
        "images":"../../assets/images/telugubooks/science/level3.jpg"
    },
    {
        "buy":"BUY",
        "Add_chart":"Add chart",
        "pricename":"PRiCE",
        "booktype":"BOOK-TYPE",
        "type":"SCIENCE-E",
        "price":"Rs. 200",
        "images":"../../assets/images/telugubooks/science/level2.jpg"
    }
]